Taxon,Taxon.Author,Subtaxon.Author,Common.Name,Kingdom,Phylum,Subphylum,Superclass,Class,Subclass,Superorder,Order,Suborder,Superfamily,Family,Subfamily,Tribe,Genus,Species,Hybrid,Subspecies,Variety,Origin,Provincial.Status,National.Status,Reporting.Status,Observation,Collected.Reported..y.m.d.,Collector.Source,Collection.List,Accession.Number,GBIF.ID,First.Observed,Observer,iNaturalist.Link,Notes,ID,Stats.Code
Accipiter cooperii,"Bonaparte, 1828",NA,Cooper's hawk,Animalia,Chordata,Vertebrata,,Aves,,,Accipitriformes,,,Accipitridae,,,Accipiter,cooperii,NA,,NA,native,S5 (2015),NA,confirmed,observed,2016,Galiano Naturalist,Galiano Bird Checklist,,NA,2016-09-01,Karolle Wall,iNat:4014861,,5112,BIR
Accipiter gentilis,"Linnaeus, 1758",NA,northern goshawk,Animalia,Chordata,Vertebrata,,Aves,,,Accipitriformes,,,Accipitridae,,,Accipiter,gentilis,NA,,NA,native,"S4B,S4N (2015)",NA,reported,unobserved,2016,Galiano Naturalist,Galiano Bird Checklist,,NA,,,,,5108,BIR
Accipiter striatus,"Vieillot, 1808",NA,sharp-shinned hawk,Animalia,Chordata,Vertebrata,,Aves,,,Accipitriformes,,,Accipitridae,,,Accipiter,striatus,NA,,NA,native,"S5B,S5N (2015)",NA,confirmed,observed,2016,Galiano Naturalist,Galiano Bird Checklist,,NA,2016-04-12,Sarah Tweedale,iNat:2929563,,5097,BIR
Aquila chrysaetos,"Linnaeus, 1758",NA,golden eagle,Animalia,Chordata,Vertebrata,,Aves,,,Accipitriformes,,,Accipitridae,,,Aquila,chrysaetos,NA,,NA,native,S4S5 (2015),NA,reported,unobserved,2016,Galiano Naturalist,Galiano Bird Checklist,,NA,,,,,5074,BIR
Buteo jamaicensis,"(Gmelin, 1788)",NA,red-tailed hawk,Animalia,Chordata,Vertebrata,,Aves,,,Accipitriformes,,,Accipitridae,,,Buteo,jamaicensis,NA,,NA,native,S5 (2015),NA,confirmed,observed,2016,Galiano Naturalist,Galiano Bird Checklist,,NA,2009-07-27,Cameron Deckert,iNat:19139396,,5212,BIR
Circus hudsonius,"(Linnaeus, 1766)",NA,northern harrier,Animalia,Chordata,Vertebrata,,Aves,,,Accipitriformes,,,Accipitridae,,,Circus,hudsonius,NA,,NA,native,S4B (2015),NA,confirmed,observed,2016,Galiano Naturalist,Galiano Bird Checklist,,NA,2018-07-16,Kevin Toomer,iNat:14433258,,558446,BIR
Haliaeetus leucocephalus washingtoniensis,"(Linnaeus, 1766)",NA,bald eagle,Animalia,Chordata,Vertebrata,,Aves,,,Accipitriformes,,,Accipitridae,,,Haliaeetus,leucocephalus,NA,washingtoniensis,NA,native,"S5B,S5N (2015)",NA,confirmed,observed,2016,Galiano Naturalist,Galiano Bird Checklist,,NA,2010-05-17,lesfreck,iNat:86514778,,126771,BIR
Psaltriparus minimus,"(Townsend, 1837)",NA,bushtit,Animalia,Chordata,Vertebrata,,Aves,,,Passeriformes,,,Aegithalidae,,,Psaltriparus,minimus,NA,,NA,native,S4B (2015),NA,confirmed,observed,2016,Galiano Naturalist,Galiano Bird Checklist,,NA,2013-04-14,Michael Hoebel,iNat:4046836,,7266,BIR
Eremophila alpestris,"(Linnaeus, 1758)",NA,horned lark,Animalia,Chordata,Vertebrata,,Aves,,,Passeriformes,,,Alaudidae,,,Eremophila,alpestris,NA,,NA,native,S5?B (2015),NA,confirmed,observed,2016,Galiano Naturalist,Galiano Bird Checklist,,NA,2017-09-16,Michael Hoebel,iNat:19548104,,7294,BIR
Megaceryle alcyon,"(Linnaeus, 1758)",NA,belted kingfisher,Animalia,Chordata,Vertebrata,,Aves,,,Coraciiformes,,,Alcedinidae,,,Megaceryle,alcyon,NA,,NA,native,S4S5B (2015),NA,confirmed,observed,2016,Galiano Naturalist,Galiano Bird Checklist,,NA,2009-07-28,Karolle Wall,iNat:97176968,,2548,BIR
Brachyramphus marmoratus,"(Gmelin, 1789)",NA,marbled murrelet,Animalia,Chordata,Vertebrata,,Aves,,,Charadriiformes,,,Alcidae,,,Brachyramphus,marmoratus,NA,,NA,native,"S3B,S3N (2015)",NA,confirmed,observed,2016,Galiano Naturalist,Galiano Bird Checklist,,NA,2015-12-20,Andrew Simon,iNat:2562765,,4531,BIR
Cepphus columba,"Pallas, 1811",NA,pigeon guillemot,Animalia,Chordata,Vertebrata,,Aves,,,Charadriiformes,,,Alcidae,,,Cepphus,columba,NA,,NA,native,S4 (2015),NA,confirmed,observed,2016,Galiano Naturalist,Galiano Bird Checklist,,NA,2014-05-23,Steve Murray,iNat:149950925,,4415,BIR
Cerorhinca monocerata,"Pallas, 1811",NA,rhinoceros auklet,Animalia,Chordata,Vertebrata,,Aves,,,Charadriiformes,,,Alcidae,,,Cerorhinca,monocerata,NA,,NA,native,S4 (2016),NA,confirmed,observed,2016,Galiano Naturalist,Galiano Bird Checklist,,NA,2017-04-22,Michael Hoebel,iNat:19548007,,4553,BIR
Synthliboramphus antiquus,"(Gmelin, 1789)",NA,ancient murrelet,Animalia,Chordata,Vertebrata,,Aves,,,Charadriiformes,,,Alcidae,,,Synthliboramphus,antiquus,NA,,NA,native,"S2S3B,S4N (2015)",NA,confirmed,observed,2016,Galiano Naturalist,Galiano Bird Checklist,,NA,2019-10-26,W. Cartwright,iNat:35634215,,4561,BIR
Uria aalge,"(Pontoppidan, 1763)",NA,common murre,Animalia,Chordata,Vertebrata,,Aves,,,Charadriiformes,,,Alcidae,,,Uria,aalge,NA,,NA,native,"S2B,S3S4N (2015)",NA,confirmed,observed,2016,Galiano Naturalist,Galiano Bird Checklist,,NA,2015-11-28,bobmcd’,iNat:2437278,,4519,BIR
Aix sponsa,"(Linnaeus, 1758)",NA,wood duck,Animalia,Chordata,Vertebrata,,Aves,,,Anseriformes,,,Anatidae,,,Aix,sponsa,NA,,NA,native,"S4B,S4N (2015)",NA,confirmed,observed,2016,Galiano Naturalist,Galiano Bird Checklist,,NA,2018-06-03,cmac79’,iNat:13198092,,7107,BIR
Anas acuta,"Linnaeus, 1758",NA,northern pintail,Animalia,Chordata,Vertebrata,,Aves,,,Anseriformes,,,Anatidae,,,Anas,acuta,NA,,NA,native,"S4B,S5N (2015)",NA,reported,unobserved,2016,Galiano Naturalist,Galiano Bird Checklist,,NA,,,,,6933,BIR
Anas crecca crecca,"Linnaeus, 1758",NA,Eurasian green-winged teal,Animalia,Chordata,Vertebrata,,Aves,,,Anseriformes,,,Anatidae,,,Anas,crecca,NA,,NA,native,"S5B,S5N (2015)",NA,confirmed,observed,2016,Galiano Naturalist,Galiano Bird Checklist,,NA,2019-12-29,Andrew Simon,iNat:37084654,rare winter species,6937,BIR
Anas crecca carolinensis,"Gmelin, 1789",NA,green-winged teal,Animalia,Chordata,Vertebrata,,Aves,,,Anseriformes,,,Anatidae,,,Anas,crecca,NA,carolinensis,NA,native,"S5B,S5N (2015)",NA,reported,unobserved,2016,Galiano Naturalist,Galiano Bird Checklist,,NA,,,,,123676,BIR
Anas platyrhynchos,"Linnaeus, 1758",NA,mallard,Animalia,Chordata,Vertebrata,,Aves,,,Anseriformes,,,Anatidae,,,Anas,platyrhynchos,NA,,NA,native,"S5B,S5N (2015)",NA,confirmed,observed,2016,Galiano Naturalist,Galiano Bird Checklist,,NA,2016-02-04,Kris Krüg,iNat:2644712,,6930,BIR
Anser albifrons,"(Scopoli, 1769)",NA,greater white-fronted goose,Animalia,Chordata,Vertebrata,,Aves,,,Anseriformes,,,Anatidae,,,Anser,albifrons,NA,,NA,native,S4M (2015),NA,confirmed,observed,2016,Galiano Naturalist,Galiano Bird Checklist,,NA,2014-09-27,Michael Hoebel,iNat:4046931,,7019,BIR
Anser caerulescens,"(Linnaeus, 1758)",NA,snow goose,Animalia,Chordata,Vertebrata,,Aves,,,Anseriformes,,,Anatidae,,,Anser,caerulescens,NA,,NA,native,S4M (2015),NA,reported,unobserved,2016,Galiano Naturalist,Galiano Bird Checklist,,NA,,,,,558426,BIR
Aythya affinis,"(Eyton, 1838)",NA,lesser scaup,Animalia,Chordata,Vertebrata,,Aves,,,Anseriformes,,,Anatidae,,,Aythya,affinis,NA,,NA,native,"S5B,S5N (2015)",NA,reported,unobserved,2016,Galiano Naturalist,Galiano Bird Checklist,,NA,,,,,7054,BIR
Aythya collaris,"(Donovan, 1809)",NA,ring-necked duck,Animalia,Chordata,Vertebrata,,Aves,,,Anseriformes,,,Anatidae,,,Aythya,collaris,NA,,NA,native,"S5B,S5N (2015)",NA,confirmed,observed,2016,Galiano Naturalist,Galiano Bird Checklist,,NA,2011-05-10,Michael Hoebel,iNat:4046933,,7044,BIR
Aythya marila,"(Linnaeus, 1761)",NA,greater scaup,Animalia,Chordata,Vertebrata,,Aves,,,Anseriformes,,,Anatidae,,,Aythya,marila,NA,,NA,native,S4N (2015),NA,reported,unobserved,2016,Galiano Naturalist,Galiano Bird Checklist,,NA,,,,,7047,BIR
Branta canadensis,"(Linnaeus, 1758)",NA,Canada goose,Animalia,Chordata,Vertebrata,,Aves,,,Anseriformes,,,Anatidae,,,Branta,canadensis,NA,,NA,native,S5 (2015),NA,confirmed,observed,2016,Galiano Naturalist,Galiano Bird Checklist,,NA,2007-01-10,Shera Street,iNat:2635233,,7089,BIR
Branta hutchinsii,"(Richardson, 1832)",NA,cackling goose,Animalia,Chordata,Vertebrata,,Aves,,,Anseriformes,,,Anatidae,,,Branta,hutchinsii,NA,,NA,native,S4S5M (2015),NA,reported,unobserved,2017-05-07,Nancy Tamblyn,eBird,,NA,,,,,59220,BIR
Bucephala albeola,"(Linnaeus, 1758)",NA,bufflehead,Animalia,Chordata,Vertebrata,,Aves,,,Anseriformes,,,Anatidae,,,Bucephala,albeola,NA,,NA,native,"S5B, SNRN (2015)",NA,confirmed,observed,2016,Galiano Naturalist,Galiano Bird Checklist,,NA,2010-02-19,Michael Hoebel,iNat:4046948,,6993,BIR
Bucephala clangula,"(Linnaeus, 1758)",NA,common goldeneye,Animalia,Chordata,Vertebrata,,Aves,,,Anseriformes,,,Anatidae,,,Bucephala,clangula,NA,,NA,native,S5 (2015),NA,confirmed,observed,2016,Galiano Naturalist,Galiano Bird Checklist,,NA,2012-04-19,B. J. Stacey,iNat:167229,,6990,BIR
Bucephala islandica,"(Gmelin, 1789)",NA,barrow's goldeneye,Animalia,Chordata,Vertebrata,,Aves,,,Anseriformes,,,Anatidae,,,Bucephala,islandica,NA,,NA,native,S4S5 (2015),NA,confirmed,observed,2016,Galiano Naturalist,Galiano Bird Checklist,,NA,2016-02-04,Kris Krüg,iNat:2644709,,6994,BIR
Clangula hyemalis,"(Linnaeus, 1758)",NA,long-tailed duck,Animalia,Chordata,Vertebrata,,Aves,,,Anseriformes,,,Anatidae,,,Clangula,hyemalis,NA,,NA,native,"S2S3B,S4N (2015)",NA,confirmed,observed,2016,Galiano Naturalist,Galiano Bird Checklist,,NA,2022-02-19,Ellyne Geurts,iNat:110922024,,7170,BIR
Cygnus buccinator,"Richardson, 1832",NA,trumpeter swan,Animalia,Chordata,Vertebrata,,Aves,,,Anseriformes,,,Anatidae,,,Cygnus,buccinator,NA,,NA,native,"S4B,S5N (2015)",NA,confirmed,observed,2016,Galiano Naturalist,Galiano Bird Checklist,,NA,2018-01-25,Jen Kovach,iNat:9616415,,6915,BIR
Cygnus olor,"(Gmelin, 1789)",NA,mute swan,Animalia,Chordata,Vertebrata,,Aves,,,Anseriformes,,,Anatidae,,,Cygnus,olor,NA,,NA,exotic,unlisted,NA,reported,unobserved,2016,Galiano Naturalist,Galiano Bird Checklist,,NA,,,,,6921,BIR
Histrionicus histrionicus,"(Linnaeus, 1758)",NA,harlequin duck,Animalia,Chordata,Vertebrata,,Aves,,,Anseriformes,,,Anatidae,,,Histrionicus,histrionicus,NA,,NA,native,"S4B,S3N (2015)",NA,confirmed,observed,2016,Galiano Naturalist,Galiano Bird Checklist,,NA,2016-03-16,Sarah Tweedale,iNat:4041645,,7111,BIR
Lophodytes cucullatus,"(Linnaeus, 1758)",NA,hooded merganser,Animalia,Chordata,Vertebrata,,Aves,,,Anseriformes,,,Anatidae,,,Lophodytes,cucullatus,NA,,NA,native,S5 (2015),NA,confirmed,observed,2016,Galiano Naturalist,Galiano Bird Checklist,,NA,2014-01-04,Michael Hoebel,iNat:4046955,,7109,BIR
Mareca americana,"(Gmelin, 1789)",NA,American wigeon,Animalia,Chordata,Vertebrata,,Aves,,,Anseriformes,,,Anatidae,,,Mareca,americana,NA,,NA,native,"S5B,S5N (2015)",NA,confirmed,observed,2016,Galiano Naturalist,Galiano Bird Checklist,,NA,2017-12-25,Kevin Toomer,iNat:9261664,,485176,BIR
Mareca penelope,"(Linnaeus, 1758)",NA,Eurasian wigeon,Animalia,Chordata,Vertebrata,,Aves,,,Anseriformes,,,Anatidae,,,Mareca,penelope,NA,,NA,native,SNRN (2015),NA,reported,unobserved,2016,Galiano Naturalist,Galiano Bird Checklist,,NA,,,,reported as Anas penelope,558441,BIR
Mareca strepera,"(Linnaeus, 1758)",NA,gadwall,Animalia,Chordata,Vertebrata,,Aves,,,Anseriformes,,,Anatidae,,,Mareca,strepera,NA,,NA,native,S5 (2015),NA,confirmed,observed,2016,Galiano Naturalist,Galiano Bird Checklist,,NA,2016-08-13,Adam Huggins,iNat:3889102,,558439,BIR
Melanitta americana,"(Swainson, 1832)",NA,black scoter,Animalia,Chordata,Vertebrata,,Aves,,,Anseriformes,,,Anatidae,,,Melanitta,americana,NA,,NA,native,S3S4N (2015),NA,reported,unobserved,2016,Galiano Naturalist,Galiano Bird Checklist,,NA,,,,,144220,BIR
Melanitta deglandi,"(Bonaparte, 1850)",NA,white-winged scoter,Animalia,Chordata,Vertebrata,,Aves,,,Anseriformes,,,Anatidae,,,Melanitta,deglandi,NA,,NA,native,S4S5 (2015),NA,confirmed,observed,2016,Galiano Naturalist,Galiano Bird Checklist,,NA,2017-04-22,Michael Hoebel,iNat:19548057,,144222,BIR
Melanitta perspicillata,"(Linnaeus, 1758)",NA,surf scoter,Animalia,Chordata,Vertebrata,,Aves,,,Anseriformes,,,Anatidae,,,Melanitta,perspicillata,NA,,NA,native,"S3B,S4N (2015)",NA,confirmed,observed,2016,Galiano Naturalist,Galiano Bird Checklist,,NA,2016-03-18,Keith Valentine,iNat:2800323,,7036,BIR
Mergus merganser,"Linnaeus, 1758",NA,common merganser,Animalia,Chordata,Vertebrata,,Aves,,,Anseriformes,,,Anatidae,,,Mergus,merganser,NA,,NA,native,S5 (2015),NA,confirmed,observed,2016,Galiano Naturalist,Galiano Bird Checklist,,NA,2016-03-27,Sarah Tweedale,iNat:2928691,,7004,BIR
Mergus serrator,"Linnaeus, 1758",NA,red-breasted merganser,Animalia,Chordata,Vertebrata,,Aves,,,Anseriformes,,,Anatidae,,,Mergus,serrator,NA,,NA,native,S4B (2015),NA,confirmed,observed,2016,Galiano Naturalist,Galiano Bird Checklist,,NA,2016-03-16,Sarah Tweedale,iNat:4041762,,6996,BIR
Spatula clypeata,"(Linnaeus, 1758)",NA,northern shoveler,Animalia,Chordata,Vertebrata,,Aves,,,Anseriformes,,,Anatidae,,,Spatula,clypeata,NA,,NA,native,"S5B,S5N (2015)",NA,reported,unobserved,2016,Galiano Naturalist,Galiano Bird Checklist,,NA,,,,,558438,BIR
Chaetura vauxi,"(Townsend, 1839)",NA,Vaux’s swift,Animalia,Chordata,Vertebrata,,Aves,,,Caprimulgiformes,,,Apodidae,,,Chaetura,vauxi,NA,,NA,native,S5B (2015),NA,reported,unobserved,2016,Galiano Naturalist,Galiano Bird Checklist,,NA,,,,,6557,BIR
Cypseloides niger,"(Gmelin, 1789)",NA,black swift,Animalia,Chordata,Vertebrata,,Aves,,,Caprimulgiformes,,,Apodidae,,,Cypseloides,niger,NA,,NA,native,S2S3B (2015),NA,reported,unobserved,2016,Galiano Naturalist,Galiano Bird Checklist,,NA,,,,,6667,BIR
Ardea herodias fannini,"Chapman, 1901",NA,great blue heron,Animalia,Chordata,Vertebrata,,Aves,,,Pelecaniformes,,,Ardeidae,Ardeinae,,Ardea,herodias,NA,fannini,NA,native,"S2S3B,S4N (2009)",NA,confirmed,observed,2016,Galiano Naturalist,Galiano Bird Checklist,,NA,2009-05-03,Shera Street,iNat:2635593,,236943,BIR
Bombycilla cedrorum,"Vieillot, 1808",NA,cedar waxwing,Animalia,Chordata,Vertebrata,,Aves,,,Passeriformes,,,Bombycillidae,,,Bombycilla,cedrorum,NA,,NA,native,S5 (2015),NA,confirmed,observed,2016,Galiano Naturalist,Galiano Bird Checklist,,NA,2014-05-30,Michael Hoebel,iNat:4046864,,7428,BIR
Chordeiles minor,"(J.R. Foster, 1771)",NA,common nighthawk,Animalia,Chordata,Vertebrata,,Aves,,,Caprimulgiformes,,,Caprimulgidae,,,Chordeiles,minor,NA,,NA,native,S4B (2015),NA,confirmed,observed,2016,Galiano Naturalist,Galiano Bird Checklist,,NA,2016-07-28,Andrew Simon,iNat:3767319,,19577,BIR
Passerina amoena,"(Say, 1823)",NA,lazuli bunting,Animalia,Chordata,Vertebrata,,Aves,,,Passeriformes,,,Cardinalidae,,,Passerina,amoena,NA,,NA,native,S5B (2015),NA,reported,unobserved,2016,Galiano Naturalist,Galiano Bird Checklist,,NA,,,,,10234,BIR
Pheucticus ludovicianus,"(Linnaeus, 1766)",NA,rose-breasted grosbeak,Animalia,Chordata,Vertebrata,,Aves,,,Passeriformes,,,Cardinalidae,,,Pheucticus,ludovicianus,NA,,NA,native,S4S5B (2015),NA,new 2020,observed,,,,,NA,2020-05-23,Mark Webber,iNat:47183074,“vagrant” species on southern Vancouver Island checklist,10271,BIR
Pheucticus melanocephalus,"(Swainson, 1827)",NA,black-headed grosbeak,Animalia,Chordata,Vertebrata,,Aves,,,Passeriformes,,,Cardinalidae,,,Pheucticus,melanocephalus,NA,,NA,native,S5B (2016),NA,confirmed,observed,2016,Galiano Naturalist,Galiano Bird Checklist,,NA,2015-05-14,Sarah Tweedale,iNat:4039998,,10274,BIR
Piranga ludoviciana,"(Wilson, 1811)",NA,western tanager,Animalia,Chordata,Vertebrata,,Aves,,,Passeriformes,,,Cardinalidae,,,Piranga,ludoviciana,NA,,NA,native,S5B (2015),NA,confirmed,observed,2016,Galiano Naturalist,Galiano Bird Checklist,,NA,2013-07-07,Dan MacNeal,iNat:18609823,,9919,BIR
Cathartes aura,"(Linnaeus, 1758)",NA,turkey vulture,Animalia,Chordata,Vertebrata,,Aves,,,Cathartiformes,,,Cathartidae,,,Cathartes,aura,NA,,NA,native,S4 (2015),NA,confirmed,observed,2016,Galiano Naturalist,Galiano Bird Checklist,,NA,2006-08-14,Karolle Wall,iNat:97172668,,4756,BIR
Certhia americana,"Bonaparte, 1838",NA,brown creeper,Animalia,Chordata,Vertebrata,,Aves,,,Passeriformes,,,Certhiidae,,,Certhia,americana,NA,,NA,native,S5 (2015),NA,confirmed,observed,2016,Galiano Naturalist,Galiano Bird Checklist,,NA,2011-07-25,lesfreck,iNat:86518607,,7458,BIR
Charadrius semipalmatus,"(Bonaparte, 1825)",NA,semi-palmated plover,Animalia,Chordata,Vertebrata,,Aves,,,Charadriiformes,,,Charadriidae,,,Charadrius,semipalmatus,NA,,NA,native,S4S5B (2015),NA,reported,unobserved,2016,Galiano Naturalist,Galiano Bird Checklist,,NA,,,,,4817,BIR
Charadrius vociferus,"Linnaeus, 1758",NA,killdeer,Animalia,Chordata,Vertebrata,,Aves,,,Charadriiformes,,,Charadriidae,,,Charadrius,vociferus,NA,,NA,native,S4S5B (2015),NA,confirmed,observed,2016,Galiano Naturalist,Galiano Bird Checklist,,NA,2015-10-16,Sarah Tweedale,iNat:2929529,,4793,BIR
Cinclus mexicanus,"Swainson, 1827",NA,American dipper,Animalia,Chordata,Vertebrata,,Aves,,,Passeriformes,,,Cinclidae,,,Cinclus,mexicanus,NA,,NA,native,S4 (2015),NA,confirmed,observed,2016,Galiano Naturalist,Galiano Bird Checklist,,NA,2017-02-01,Christopher King,iNat:5815600,,7643,BIR
Columba livia domestica,"Gmelin, 1789",NA,rock pigeon,Animalia,Chordata,Vertebrata,,Aves,,,Columbiformes,,,Columbidae,,,Columba,livia,NA,domestica,NA,exotic,unlisted,NA,confirmed,observed,2012-05-12,,VMS,,NA,2017-02-10,Christian Adler,iNat:5179014,,122767,BIR
Patagioenas fasciata,"(Say, 1823)",NA,band-tailed pigeon,Animalia,Chordata,Vertebrata,,Aves,,,Columbiformes,,,Columbidae,,,Patagioenas,fasciata,NA,,NA,native,1-SC (SARA 2011),NA,confirmed,observed,2016,Galiano Naturalist,Galiano Bird Checklist,,NA,2007-12-24,Michael Hoebel,iNat:4046905,,3108,BIR
Streptopelia decaocto,"(Frivaldszky, 1838)",NA,Eurasian collared dove,Animalia,Chordata,Vertebrata,,Aves,,,Columbiformes,,,Columbidae,,,Streptopelia,decaocto,NA,,NA,exotic,unlisted,NA,confirmed,observed,2016,Galiano Naturalist,Galiano Bird Checklist,,NA,2018-05-20,Sarah Tweedale,iNat:12652453,,2969,BIR
Zenaida macroura,"(Linnaeus, 1758)",NA,mourning dove,Animalia,Chordata,Vertebrata,,Aves,,,Columbiformes,,,Columbidae,,,Zenaida,macroura,NA,,NA,native,S4?B (2015),NA,confirmed,observed,2016,Galiano Naturalist,Galiano Bird Checklist,,NA,2011-05-30,Michael Hoebel,iNat:4046898,,3454,BIR
Corvus brachyrhynchos,"Baird, 1858",NA,northwestern crow,Animalia,Chordata,Vertebrata,,Aves,,,Passeriformes,,,Corvidae,,,Corvus,brachyrhynchos,NA,,NA,native,S5 (2015),NA,confirmed,observed,2016,Galiano Naturalist,Galiano Bird Checklist,,NA,2012-07-23,lesfreck,iNat:86523788,,8021,BIR
Corvus corax,"Linnaeus, 1758",NA,common raven,Animalia,Chordata,Vertebrata,,Aves,,,Passeriformes,,,Corvidae,,,Corvus,corax,NA,,NA,native,S5B (2015),NA,confirmed,observed,2016,Galiano Naturalist,Galiano Bird Checklist,,NA,2015-02-12,Lauren Magner & Andrew Simon,iNat:2565259,,8010,BIR
Cyanocitta stelleri,"(Gmelin, 1788)",NA,Steller's jay,Animalia,Chordata,Vertebrata,,Aves,,,Passeriformes,,,Corvidae,,,Cyanocitta,stelleri,NA,,NA,native,S5 (2015),NA,confirmed,observed,2016,Galiano Naturalist,Galiano Bird Checklist,,NA,2015-03-29,Michael Hoebel,iNat:4046909,,8234,BIR
Pica hudsonia,"Sabine, 1823",NA,black-billed magpie,Animalia,Chordata,Vertebrata,,Aves,,,Passeriformes,,,Corvidae,,,Pica,hudsonia,NA,,NA,native,S5 (2015),NA,new 2020,observed,,,,,NA,2020-04-18,Michael Hoebel,iNat:42526363,“accidental” species on the southern Vancouver Island checklist,143853,BIR
Falco columbarius,"Linnaeus, 1758",NA,merlin,Animalia,Chordata,Vertebrata,,Aves,,,Falconiformes,,,Falconidae,,,Falco,columbarius,NA,,NA,native,S5 (2015),NA,reported,unobserved,2016,Galiano Naturalist,Galiano Bird Checklist,,NA,,,,,4672,BIR
Falco peregrinus,"Tunstall, 1771",NA,peregrine falcon,Animalia,Chordata,Vertebrata,,Aves,,,Falconiformes,,,Falconidae,,,Falco,peregrinus,NA,,NA,native,1-SC (SARA),NA,confirmed,observed,2016,Galiano Naturalist,Galiano Bird Checklist,,NA,2009-08-15,Michael Hoebel,iNat:4046871,,4647,BIR
Falco sparverius,"Linnaeus, 1758",NA,American kestrel,Animalia,Chordata,Vertebrata,,Aves,,,Falconiformes,,,Falconidae,,,Falco,sparverius,NA,,NA,native,S4S5B (2015),NA,confirmed,observed,2016,Galiano Naturalist,Galiano Bird Checklist,,NA,2019-09-16,Peter Thompson & Michael Hoebel,iNat:34346539,,4665,BIR
Coccothraustes vespertinus,"(W. Cooper, 1825)",NA,evening grosbeak,Animalia,Chordata,Vertebrata,,Aves,,,Passeriformes,,,Fringillidae,,,Coccothraustes,vespertinus,NA,,NA,native,S5 (2015); SC (2016),NA,confirmed,observed,2016,Galiano Naturalist,Galiano Bird Checklist,,NA,2015-05-21,Sarah Tweedale,iNat:4039972,,9800,BIR
Haemorhous mexicanus,"(Müller, 1776)",NA,house finch,Animalia,Chordata,Vertebrata,,Aves,,,Passeriformes,,,Fringillidae,,,Haemorhous,mexicanus,NA,,NA,native,S5 (2015),NA,confirmed,observed,2016,Galiano Naturalist,Galiano Bird Checklist,,NA,2016-05-28,Sarah Tweedale,iNat:4041658,,199840,BIR
Haemorhous purpureus,"(Gmelin, 1789)",NA,purple finch,Animalia,Chordata,Vertebrata,,Aves,,,Passeriformes,,,Fringillidae,,,Haemorhous,purpureus,NA,,NA,native,S5B (2015),NA,confirmed,observed,2016,Galiano Naturalist,Galiano Bird Checklist,,NA,2009-04-25,Michael Hoebel,iNat:4046920,,199841,BIR
Loxia curvirostra,"Linnaeus, 1758",NA,red crossbill,Animalia,Chordata,Vertebrata,,Aves,,,Passeriformes,,,Fringillidae,,,Loxia,curvirostra,NA,,NA,native,S5 (2015),NA,confirmed,observed,2016,Galiano Naturalist,Galiano Bird Checklist,,NA,2015-06-19,Bridgit Spencer,iNat:2380928,,10411,BIR
Spinus pinus,"(Wilson, 1810)",NA,pine siskin,Animalia,Chordata,Vertebrata,,Aves,,,Passeriformes,,,Fringillidae,,,Spinus,pinus,NA,,NA,native,S5B (2015),NA,confirmed,observed,2016,Galiano Naturalist,Galiano Bird Checklist,,NA,2010-02-28,Michael Hoebel,iNat:18908805,,145304,BIR
Spinus tristis,"(Linnaeus, 1758)",NA,American goldfinch,Animalia,Chordata,Vertebrata,,Aves,,,Passeriformes,,,Fringillidae,,,Spinus,tristis,NA,,NA,native,S4 (2015),NA,confirmed,observed,2016,Galiano Naturalist,Galiano Bird Checklist,,NA,2016-07-23,Andrew Simon,iNat:3781422,,145310,BIR
Gavia immer,"(Brunnich, 1764)",NA,common loon,Animalia,Chordata,Vertebrata,,Aves,,,Gaviiformes,,,Gaviidae,,,Gavia,immer,NA,,NA,native,S5 (2015),NA,confirmed,observed,2016,Galiano Naturalist,Galiano Bird Checklist,,NA,2012-04-19,B.J. Stacey,iNat:167230,,4626,BIR
Gavia pacifica,"(Lawrence, 1858)",NA,Pacific loon,Animalia,Chordata,Vertebrata,,Aves,,,Gaviiformes,,,Gaviidae,,,Gavia,pacifica,NA,,NA,native,"S4B,S3S4N (2015)",NA,confirmed,observed,2016,Galiano Naturalist,Galiano Bird Checklist,,NA,2015-11-28,bobmcd’,iNat:2437268,,4621,BIR
Gavia stellata,"(Pontoppidan, 1763)",NA,red-throated loon,Animalia,Chordata,Vertebrata,,Aves,,,Gaviiformes,,,Gaviidae,,,Gavia,stellata,NA,,NA,native,S4 (2015),NA,reported,unobserved,2016,Galiano Naturalist,Galiano Bird Checklist,,NA,,,,,4627,BIR
Antigone canadensis,"(Linnaeus, 1758)",NA,sandhill crane,Animalia,Chordata,Vertebrata,,Aves,,,Gruiformes,,,Gruidae,,,Antigone,canadensis,NA,,NA,native,S4B (2018),NA,new 2021,observed,,,,,NA,2013-11-05,Michael Hoebel,iNat:102504413,,508048,BIR
Haematopus bachmani,"Audubon, 1838",NA,black oystercatcher,Animalia,Chordata,Vertebrata,,Aves,,,Charadriiformes,,,Haematopodidae,,,Haematopus,bachmani,NA,,NA,native,S4 (2015),NA,confirmed,observed,2016,Galiano Naturalist,Galiano Bird Checklist,,NA,2008-07-26,hdcooper,iNat:67005477,,4838,BIR
Hirundo rustica,"(Linnaeus, 1758)",NA,barn swallow,Animalia,Chordata,Vertebrata,,Aves,,,Passeriformes,,,Hirundinidae,,,Hirundo,rustica,NA,,NA,native,S3S4B (2015),NA,confirmed,observed,2016,Galiano Naturalist,Galiano Bird Checklist,,NA,2016-08-08,Andrew Simon,iNat:3840481,,11901,BIR
Petrochelidon pyrrhonota,"Vieillot, 1817",NA,cliff swallow,Animalia,Chordata,Vertebrata,,Aves,,,Passeriformes,,,Hirundinidae,,,Petrochelidon,pyrrhonota,NA,,NA,native,S4S5B (2015),NA,confirmed,observed,2016,Galiano Naturalist,Galiano Bird Checklist,,NA,2013-06-08,Michael Hoebel,iNat:4047010,,11858,BIR
Progne subis,"(Linnaeus, 1758)",NA,purple martin,Animalia,Chordata,Vertebrata,,Aves,,,Passeriformes,,,Hirundinidae,,,Progne,subis,NA,,NA,native,S3B (2015),NA,confirmed,observed,2016,Galiano Naturalist,Galiano Bird Checklist,,NA,2015-06-21,Peter Taylor,iNat:103195944,,11867,BIR
Stelgidopteryx serripennis,"(Audubon, 1838)",NA,northern rough-winged swallow,Animalia,Chordata,Vertebrata,,Aves,,,Passeriformes,,,Hirundinidae,,,Stelgidopteryx,serripennis,NA,,NA,native,S4S5B (2015),NA,confirmed,observed,2016,Galiano Naturalist,Galiano Bird Checklist,,NA,2011-05-10,Michael Hoebel,iNat:4046993,,11970,BIR
Tachycineta bicolor,"(Vieillot, 1808)",NA,tree swallow,Animalia,Chordata,Vertebrata,,Aves,,,Passeriformes,,,Hirundinidae,,,Tachycineta,bicolor,NA,,NA,native,S4S5B (2015),NA,confirmed,observed,2016,Galiano Naturalist,Galiano Bird Checklist,,NA,2016-06-03,Adam Huggins,iNat:3386978,,11935,BIR
Tachycineta thalassina,"(Swainson, 1827)",NA,violet-green swallow,Animalia,Chordata,Vertebrata,,Aves,,,Passeriformes,,,Hirundinidae,,,Tachycineta,thalassina,NA,,NA,native,S4S5B (2015),NA,confirmed,observed,2016,Galiano Naturalist,Galiano Bird Checklist,,NA,2016-07-26,Andrew Simon,iNat:3766312,,11931,BIR
Agelaius phoeniceus,"(Linnaeus, 1766)",NA,red-winged blackbird,Animalia,Chordata,Vertebrata,,Aves,,,Passeriformes,,,Icteridae,,,Agelaius,phoeniceus,NA,,NA,native,"S5B,S5N (2015)",NA,confirmed,observed,2016,Galiano Naturalist,Galiano Bird Checklist,,NA,2010-02-20,Michael Hoebel,iNat:4046914,,9744,BIR
Euphagus cyanocephalus,"(Wagler, 1829)",NA,Brewer’s blackbird,Animalia,Chordata,Vertebrata,,Aves,,,Passeriformes,,,Icteridae,,,Euphagus,cyanocephalus,NA,,NA,native,S5 (2015),NA,confirmed,observed,2016,Galiano Naturalist,Galiano Bird Checklist,,NA,2023-06-10,Andrew Simon,iNat:166619002,,10325,BIR
Molothrus ater,"(Boddaert, 1783)",NA,brown-headed cowbird,Animalia,Chordata,Vertebrata,,Aves,,,Passeriformes,,,Icteridae,,,Molothrus,ater,NA,,NA,native,S5B (2015),NA,confirmed,observed,2016,Galiano Naturalist,Galiano Bird Checklist,,NA,2015-04-16,Michael Hoebel,iNat:4046911,,10373,BIR
Sturnella neglecta,"Audubon, 1844",NA,western meadowlark,Animalia,Chordata,Vertebrata,,Aves,,,Passeriformes,,,Icteridae,,,Sturnella,neglecta,NA,,NA,native,SXB (2010),NA,confirmed,observed,2016,Galiano Naturalist,Galiano Bird Checklist,,NA,2022-11-06,lornasdr,iNat:141331288,,9535,BIR
Xanthocephalus xanthocephalus,"(Bonaparte, 1826)",NA,yellow-headed blackbird,Animalia,Chordata,Vertebrata,,Aves,,,Passeriformes,,,Icteridae,,,Xanthocephalus,xanthocephalus,NA,,NA,native,S4B (2015),NA,reported,unobserved,2016,Galiano Naturalist,Galiano Bird Checklist,,NA,,,,,10470,BIR
Lanius borealis,"Vieillot, 1808",NA,northern shrike,Animalia,Chordata,Vertebrata,,Aves,,,Passeriformes,,,Laniidae,,,Lanius,borealis,NA,,NA,native,"S4B,S4N (2015)",NA,confirmed,observed,2016,Galiano Naturalist,Galiano Bird Checklist,,NA,2018-12-17,Adam Jermakow,iNat:19202265,,558512,BIR
Chroicocephalus philadelphia,"(Ord, 1815)",NA,Bonaparte's gull,Animalia,Chordata,Vertebrata,,Aves,,,Charadriiformes,,,Laridae,Larinae,,Chroicocephalus,philadelphia,NA,,NA,native,S5? (2015),NA,confirmed,observed,2016,Galiano Naturalist,Galiano Bird Checklist,,NA,2012-04-19,B. J. Stacey,iNat:167227,,144502,BIR
Hydroprogne caspia,"(Pallas, 1770)",NA,Caspian tern,Animalia,Chordata,Vertebrata,,Aves,,,Charadriiformes,,,Laridae,Sterninae,,Hydroprogne,caspia,NA,,NA,native,S3B (2015),NA,new 2022,observed,,,,,NA,2022-06-25,Andrew Simon,iNat:124067913,,144537,BIR
Larus argentatus,"Pontoppidan, 1763",NA,herring gull,Animalia,Chordata,Vertebrata,,Aves,,,Charadriiformes,,,Laridae,Larinae,,Larus,argentatus,NA,,NA,native,S4 (2015),NA,reported,unobserved,2016,Galiano Naturalist,Galiano Bird Checklist,,NA,,,,,204533,BIR
Larus brachyrhynchus,"Richardson, 1831",NA,short-billed gull,Animalia,Chordata,Vertebrata,,Aves,,,Charadriiformes,,,Laridae,Larinae,,Larus,brachyrhynchus,NA,,NA,native,S4B (2015),NA,confirmed,observed,2016,Galiano Naturalist,Galiano Bird Checklist,,NA,2011-09-11,Michael Hoebel,iNat:4046941,,1286964,BIR
Larus californicus,"(Lawrence, 1854)",NA,California gull,Animalia,Chordata,Vertebrata,,Aves,,,Charadriiformes,,,Laridae,Larinae,,Larus,californicus,NA,,NA,native,S2S3B (2015),NA,confirmed,observed,2016,Galiano Naturalist,Galiano Bird Checklist,,NA,2017-09-11,bobmcd’,iNat:7917878,,4385,BIR
Larus delawarensis,"Ord, 1815",NA,ring-billed gull,Animalia,Chordata,Vertebrata,,Aves,,,Charadriiformes,,,Laridae,Larinae,,Larus,delawarensis,NA,,NA,native,S4?B (2015),NA,confirmed,observed,2016,Galiano Naturalist,Galiano Bird Checklist,,NA,2010-10-23,Michael Hoebel,iNat:4046992,,4364,BIR
Larus glaucescens,"(Naumann, 1840)",NA,glaucous-winged gull,Animalia,Chordata,Vertebrata,,Aves,,,Charadriiformes,,,Laridae,Larinae,,Larus,glaucescens,NA,,NA,native,S4?B (2015),NA,confirmed,observed,2016,Galiano Naturalist,Galiano Bird Checklist,,NA,2008-12-25,Steve Ansell,iNat:146666927,Many of our birds are hybrids (Larus glaucescens × occidentalis),4399,BIR
Larus glaucoides thayeri,"Brooks, WS, 1915",NA,Iceland gull,Animalia,Chordata,Vertebrata,,Aves,,,Charadriiformes,,,Laridae,Larinae,,Larus,glaucoides,NA,thayeri,NA,native,S5N (2017),NA,confirmed,observed,2016,Galiano Naturalist,Galiano Bird Checklist,,NA,2022-02-01,Jackson W.F. Chu,iNat:105999647,,556736,BIR
Larus heermanni,"Cassin, 1852",NA,Heermann’s gull,Animalia,Chordata,Vertebrata,,Aves,,,Charadriiformes,,,Laridae,Larinae,,Larus,heermanni,NA,,NA,native,SUN (2015),NA,reported,unobserved,2016,Galiano Naturalist,Galiano Bird Checklist,,NA,,,,,4353,BIR
Larus occidentalis,"(Audubon, 1839)",NA,western gull,Animalia,Chordata,Vertebrata,,Aves,,,Charadriiformes,,,Laridae,Larinae,,Larus,occidentalis,NA,,NA,native,SUN (2015),NA,reported,unobserved,2016,Galiano Naturalist,Galiano Bird Checklist,,NA,,,,Many of our birds are hybrids (Larus glaucescens × occidentalis),4345,BIR
Sterna hirundo,"Linnaeus, 1758",NA,common tern,Animalia,Chordata,Vertebrata,,Aves,,,Charadriiformes,,,Laridae,Sterninae,,Sterna,hirundo,NA,,NA,native,SUM (2015),NA,reported,unobserved,2016,Galiano Naturalist,Galiano Bird Checklist,,NA,,,,,4450,BIR
Anthus rubescens,"(Tunstall, 1771)",NA,American pipit,Animalia,Chordata,Vertebrata,,Aves,,,Passeriformes,,,Motacillidae,,,Anthus,rubescens,NA,,NA,native,"S5B,SNRN (2015)",NA,reported,unobserved,2016,Galiano Naturalist,Galiano Bird Checklist,,NA,,,,,13732,BIR
Pandion haliaetus,"(Linnaeus, 1758)",NA,osprey,Animalia,Chordata,Vertebrata,,Aves,,,Accipitriformes,,,Pandionidae,,,Pandion,haliaetus,NA,,NA,native,S5 (2015),NA,confirmed,observed,2016,Galiano Naturalist,Galiano Bird Checklist,,NA,2015-06-20,Bridgit Spencer,iNat:2677178,,116999,BIR
Poecile rufescens,"(Townsend, 1837)",NA,chestnut-backed chickadee,Animalia,Chordata,Vertebrata,,Aves,,,Passeriformes,,,Paridae,,,Poecile,rufescens,NA,,NA,native,S5 (2015),NA,confirmed,observed,2016,Galiano Naturalist,Galiano Bird Checklist,,NA,2011-07-25,lesfreck,iNat:86518608,,144820,BIR
Cardellina pusilla,"(Wilson, 1811)",NA,Wilson’s warbler,Animalia,Chordata,Vertebrata,,Aves,,,Passeriformes,,,Parulidae,,,Cardellina,pusilla,NA,,NA,native,S5B (2015),NA,confirmed,observed,2016,Galiano Naturalist,Galiano Bird Checklist,,NA,2015-07-15,Michael Hoebel,iNat:4053962,,145276,BIR
Geothlypis tolmiei,"(Townsend, 1839)",NA,MacGillivray's warbler,Animalia,Chordata,Vertebrata,,Aves,,,Passeriformes,,,Parulidae,,,Geothlypis,tolmiei,NA,,NA,native,S5B (2015),NA,confirmed,observed,2016,Galiano Naturalist,Galiano Bird Checklist,,NA,2013-05-17,Michael Hoebel,iNat:4046991,,145223,BIR
Geothlypis trichas,"(Linnaeus, 1766)",NA,common yellowthroat,Animalia,Chordata,Vertebrata,,Aves,,,Passeriformes,,,Parulidae,,,Geothlypis,trichas,NA,,NA,native,S5 (2015),NA,confirmed,observed,2016,Galiano Naturalist,Galiano Bird Checklist,,NA,2011-05-10,Michael Hoebel,iNat:4046958,,9721,BIR
Leiothlypis celata,"(Say, 1823)",NA,orange-crowned warbler,Animalia,Chordata,Vertebrata,,Aves,,,Passeriformes,,,Parulidae,,,Leiothlypis,celata,NA,,NA,native,S5B (2015),NA,confirmed,observed,2016,Galiano Naturalist,Galiano Bird Checklist,,NA,2016-04-09,Kristian Sigvardsen,iNat:2926959,,979757,BIR
Setophaga coronata auduboni,"(Townsend, 1837)",NA,Audubon's warbler,Animalia,Chordata,Vertebrata,,Aves,,,Passeriformes,,,Parulidae,,,Setophaga,coronata,NA,auduboni,NA,native,S5B (2015),NA,confirmed,observed,2016,Galiano Naturalist,Galiano Bird Checklist,,NA,2016-03-26,Sarah Tweedale,iNat:2928685,,126562,BIR
Setophaga coronata coronata,"(Linnaeus, 1766)",NA,myrtle warbler,Animalia,Chordata,Vertebrata,,Aves,,,Passeriformes,,,Parulidae,,,Setophaga,coronata,NA,coronata,NA,native,S5B (2015),NA,confirmed,observed,2016,Galiano Naturalist,Galiano Bird Checklist,,NA,2011-05-01,Michael Hoebel,iNat:19562466,,132704,BIR
Setophaga nigrescens,"(Townsend, 1837)",NA,black-throated gray warbler,Animalia,Chordata,Vertebrata,,Aves,,,Passeriformes,,,Parulidae,,,Setophaga,nigrescens,NA,,NA,native,S4S5B (2015),NA,confirmed,observed,2016,Galiano Naturalist,Galiano Bird Checklist,,NA,2014-05-10,Michael Hoebel,iNat:4046971,,145254,BIR
Setophaga petechia,"(Linnaeus, 1766)",NA,yellow warbler,Animalia,Chordata,Vertebrata,,Aves,,,Passeriformes,,,Parulidae,,,Setophaga,petechia,NA,,NA,native,S5B (2015),NA,confirmed,observed,2016,Galiano Naturalist,Galiano Bird Checklist,,NA,2023-05-28,Zeke Gilmore,iNat:165237907,,145238,BIR
Setophaga townsendi,"(Townsend, 1837)",NA,Townsend's warbler,Animalia,Chordata,Vertebrata,,Aves,,,Passeriformes,,,Parulidae,,,Setophaga,townsendi,NA,,NA,native,S5B (2015),NA,confirmed,observed,2016,Galiano Naturalist,Galiano Bird Checklist,,NA,2014-04-21,Michael Hoebel,iNat:19548141,,145255,BIR
Junco hyemalis,"(Linnaeus, 1758)",NA,dark-eyed junco,Animalia,Chordata,Vertebrata,,Aves,,,Passeriformes,,,Passerellidae,,,Junco,hyemalis,NA,,NA,native,S5B (2015),NA,confirmed,observed,2016,Galiano Naturalist,Galiano Bird Checklist,,NA,2015-02-15,Andrew Simon,iNat:2565000,,10094,BIR
Melospiza georgiana,"(Latham, 1790)",NA,swamp sparrow,Animalia,Chordata,Vertebrata,,Aves,,,Passeriformes,,,Passerellidae,,,Melospiza,georgiana,NA,,NA,native,S4S5 (2015),NA,reported,unobserved,2016,Galiano Naturalist,Galiano Bird Checklist,,NA,,,,,9096,BIR
Melospiza lincolnii,"(Audubon, 1834)",NA,Lincoln’s sparrow,Animalia,Chordata,Vertebrata,,Aves,,,Passeriformes,,,Passerellidae,,,Melospiza,lincolnii,NA,,NA,native,"S5B,SNRN (2015)",NA,reported,unobserved,2016,Galiano Naturalist,Galiano Bird Checklist,,NA,,,,,9092,BIR
Melospiza melodia,"(Wilson, 1810)",NA,song sparrow,Animalia,Chordata,Vertebrata,,Aves,,,Passeriformes,,,Passerellidae,,,Melospiza,melodia,NA,,NA,native,S5B (2015),NA,confirmed,observed,2016,Galiano Naturalist,Galiano Bird Checklist,,NA,2010-07-27,Cameron Deckert,iNat:18550214,,9100,BIR
Passerculus sandwichensis,"(Gmelin, 1789)",NA,savannah sparrow,Animalia,Chordata,Vertebrata,,Aves,,,Passeriformes,,,Passerellidae,,,Passerculus,sandwichensis,NA,,NA,native,S5B (2015),NA,confirmed,observed,2016,Galiano Naturalist,Galiano Bird Checklist,,NA,2015-09-16,Michael Hoebel,iNat:4047043,,9981,BIR
Passerella iliaca,"(Merrem, 1786)",NA,fox sparrow,Animalia,Chordata,Vertebrata,,Aves,,,Passeriformes,,,Passerellidae,,,Passerella,iliaca,NA,,NA,native,S5 (2015),NA,confirmed,observed,2016,Galiano Naturalist,Galiano Bird Checklist,,NA,2014-04-18,Michael Hoebel,iNat:4046924,,9156,BIR
Pipilo maculatus,"Swainson, 1827",NA,spotted towhee,Animalia,Chordata,Vertebrata,,Aves,,,Passeriformes,,,Passerellidae,,,Pipilo,maculatus,NA,,NA,native,S5 (2015),NA,confirmed,observed,2016,Galiano Naturalist,Galiano Bird Checklist,,NA,2013-07-07,Dan MacNeal,iNat:18609827,,9420,BIR
Spizella passerina,"(Bechstein, 1798)",NA,chipping sparrow,Animalia,Chordata,Vertebrata,,Aves,,,Passeriformes,,,Passerellidae,,,Spizella,passerina,NA,,NA,native,S5B (2015),NA,confirmed,observed,2016,Galiano Naturalist,Galiano Bird Checklist,,NA,2016-04-23,Lauren Magner,iNat:3040843,,9135,BIR
Zonotrichia albicollis,"(Gmelin, 1789)",NA,white-throated sparrow,Animalia,Chordata,Vertebrata,,Aves,,,Passeriformes,,,Passerellidae,,,Zonotrichia,albicollis,NA,,NA,native,S5 (2015),NA,confirmed,observed,2016,Galiano Naturalist,Galiano Bird Checklist,,NA,2019-10-13,Michael Hoebel,iNat:34332372,,9184,BIR
Zonotrichia atricapilla,"(Gmelin, 1789)",NA,golden-crowned sparrow,Animalia,Chordata,Vertebrata,,Aves,,,Passeriformes,,,Passerellidae,,,Zonotrichia,atricapilla,NA,,NA,native,S5?B (2015),NA,confirmed,observed,2016,Galiano Naturalist,Galiano Bird Checklist,,NA,2016-06-27,Sarah Tweedale,iNat:4041637,,9185,BIR
Zonotrichia leucophrys,"(Forster, 1772)",NA,white-crowned sparrow,Animalia,Chordata,Vertebrata,,Aves,,,Passeriformes,,,Passerellidae,,,Zonotrichia,leucophrys,NA,,NA,native,S5 (2011),NA,confirmed,observed,2016,Galiano Naturalist,Galiano Bird Checklist,,NA,2015-06-19,Peter Taylor,iNat:103172276,,9176,BIR
Zonotrichia querula,"(Nuttall, 1840)",NA,Harris's sparrow,Animalia,Chordata,Vertebrata,,Aves,,,Passeriformes,,,Passerellidae,,,Zonotrichia,querula,NA,,NA,native,SUM (2015),NA,confirmed,observed,2016,Galiano Naturalist,Galiano Bird Checklist,,NA,2019-12-27,Chad Diakow,iNat:37144595,listed as regularly occurring but “rare for this area” on the southern Vancouver Island checklist,9182,BIR
Passer domesticus,"(Linnaeus, 1758)",NA,house sparrow,Animalia,Chordata,Vertebrata,,Aves,,,Passeriformes,,,Passeridae,,,Passer,domesticus,NA,,NA,exotic,unlisted,NA,reported,unobserved,2016,Galiano Naturalist,Galiano Bird Checklist,,NA,,,,,13858,BIR
Pelecanus erythrorhynchos,"Gmelin, 1789",NA,American white pelican,Animalia,Chordata,Vertebrata,,Aves,,,Pelecaniformes,,,Pelecanidae,,,Pelecanus,erythrorhynchos,NA,,NA,,,NA,confirmed,observed,2016,Galiano Naturalist,Galiano Bird Checklist,,NA,2016-07-10,Michael Hoebel,iNat:102503941,,4334,BIR
Nannopterum auritum,"(Lesson, 1831)",NA,double-crested cormorant,Animalia,Chordata,Vertebrata,,Aves,,,Suliformes,,,Phalacrocoracidae,,,Nannopterum,auritum,NA,,NA,native,S3S4B (2015),NA,confirmed,observed,2016,Galiano Naturalist,Galiano Bird Checklist,,NA,2015-12-20,Andrew Simon,iNat:2562503,,1454382,BIR
Urile pelagicus,"Pallas, 1811",NA,pelagic cormorant,Animalia,Chordata,Vertebrata,,Aves,,,Suliformes,,,Phalacrocoracidae,,,Urile,pelagicus,NA,,NA,native,S4 (2015),NA,confirmed,observed,2016,Galiano Naturalist,Galiano Bird Checklist,,NA,2015-12-20,Andrew Simon,iNat:2562745,,1289605,BIR
Urile penicillatus,"(Brandt, 1837)",NA,Brandt's cormorant,Animalia,Chordata,Vertebrata,,Aves,,,Suliformes,,,Phalacrocoracidae,,,Urile,penicillatus,NA,,NA,native,"S1B,S4N (2015)",NA,confirmed,observed,2016,Galiano Naturalist,Galiano Bird Checklist,,NA,2012-05-03,Michael Hoebel,iNat:4046927,,1289607,BIR
Bonasa umbellus brunnescens,"(Linnaeus, 1766)",NA,ruffed grouse,Animalia,Chordata,Vertebrata,,Aves,,,Galliformes,,,Phasianidae,,,Bonasa,umbellus,NA,brunnescens,NA,native,S5 (2015),NA,reported,unobserved,1991-04-25,R. Smith,UBC,B015112,NA,,,,,567035,BIR
Dendragapus fuliginosus,"(Ridgway, 1873)",NA,sooty grouse,Animalia,Chordata,Vertebrata,,Aves,,,Galliformes,,,Phasianidae,,,Dendragapus,fuliginosus,NA,,NA,native,S4 (2015),NA,confirmed,observed,2016,Galiano Naturalist,Galiano Bird Checklist,,NA,2017-04-28,Andrew Simon,iNat:6019290,,72797,BIR
Colaptes auratus,"(Linnaeus, 1758)",NA,northern flicker,Animalia,Chordata,Vertebrata,,Aves,,,Piciformes,,,Picidae,,,Colaptes,auratus,NA,,NA,native,S5 (2015),NA,confirmed,observed,2016,Galiano Naturalist,Galiano Bird Checklist,,NA,2015-02-12,Lauren Magner & Andrew Simon,iNat:2565721,,18236,BIR
Dryobates pubescens,"(Linnaeus, 1766)",NA,downy woodpecker,Animalia,Chordata,Vertebrata,,Aves,,,Piciformes,,,Picidae,,,Dryobates,pubescens,NA,,NA,native,S5 (2015),NA,confirmed,observed,2016,Galiano Naturalist,Galiano Bird Checklist,,NA,2016-03-26,Kristian Sigvardsen,iNat:2926951,,792988,BIR
Dryobates villosus,"(Linnaeus, 1766)",NA,hairy woodpecker,Animalia,Chordata,Vertebrata,,Aves,,,Piciformes,,,Picidae,,,Dryobates,villosus,NA,,NA,native,S5B (2015),NA,confirmed,observed,2016,Galiano Naturalist,Galiano Bird Checklist,,NA,2016-04-23,Andrew Simon,iNat:3030496,,792990,BIR
Dryocopus pileatus,"(Linnaeus, 1758)",NA,pileated woodpecker,Animalia,Chordata,Vertebrata,,Aves,,,Piciformes,,,Picidae,,,Dryocopus,pileatus,NA,,NA,native,S5 (2015),NA,confirmed,observed,2016,Galiano Naturalist,Galiano Bird Checklist,,NA,2010-05-22,Burl Jantzen,iNat:69729558,,17855,BIR
Sphyrapicus nuchalis,"Baird, 1858",NA,red-naped sapsucker,Animalia,Chordata,Vertebrata,,Aves,,,Piciformes,,,Picidae,,,Sphyrapicus,nuchalis,NA,,NA,native,S5B (2015),NA,reported,unobserved,2016,Galiano Naturalist,Galiano Bird Checklist,,NA,,,,,18467,BIR
Sphyrapicus ruber,"(Gmelin, 1788)",NA,red-breasted sapsucker,Animalia,Chordata,Vertebrata,,Aves,,,Piciformes,,,Picidae,,,Sphyrapicus,ruber,NA,,NA,native,S5B (2015),NA,confirmed,observed,2016,Galiano Naturalist,Galiano Bird Checklist,,NA,2015-06-19,Bridgit Spencer,iNat:2677221,,18464,BIR
Aechmophorus occidentalis,"(Lawrence, 1858)",NA,western grebe,Animalia,Chordata,Vertebrata,,Aves,,,Podicipediformes,,,Podicipedidae,,,Aechmophorus,occidentalis,NA,,NA,native,"S1B,S2N (2015)",NA,reported,unobserved,2016,Galiano Naturalist,Galiano Bird Checklist,,NA,,,,,4235,BIR
Podiceps auritus,"(Linnaeus, 1758)",NA,horned grebe,Animalia,Chordata,Vertebrata,,Aves,,,Podicipediformes,,,Podicipedidae,,,Podiceps,auritus,NA,,NA,native,"S4B, SNRN (2015)",NA,confirmed,observed,2016,Galiano Naturalist,Galiano Bird Checklist,,NA,2014-01-04,Michael Hoebel,iNat:4046939,,4209,BIR
Podiceps grisegena,"(Boddaert, 1783)",NA,red-necked grebe,Animalia,Chordata,Vertebrata,,Aves,,,Podicipediformes,,,Podicipedidae,,,Podiceps,grisegena,NA,,NA,native,S5?B (2015),NA,confirmed,observed,2016,Galiano Naturalist,Galiano Bird Checklist,,NA,2022-09-02,Liam Steele,iNat:135679353,,4224,BIR
Podiceps nigricollis,"Brehm, 1831",NA,eared grebe,Animalia,Chordata,Vertebrata,,Aves,,,Podicipediformes,,,Podicipedidae,,,Podiceps,nigricollis,NA,,NA,native,S3B (2015),NA,reported,unobserved,2016,Galiano Naturalist,Galiano Bird Checklist,,NA,,,,,4205,BIR
Podilymbus podiceps,"(Linnaeus, 1758)",NA,pied-billed grebe,Animalia,Chordata,Vertebrata,,Aves,,,Podicipediformes,,,Podicipedidae,,,Podilymbus,podiceps,NA,,NA,native,S4 (2015),NA,confirmed,observed,2016,Galiano Naturalist,Galiano Bird Checklist,,NA,2020-07-04,blakedanis,iNat:51983215,,4246,BIR
Rallus limicola,"Vieillot, 1819",NA,Virginia rail,Animalia,Chordata,Vertebrata,,Aves,,,Gruiformes,,,Rallidae,,,Rallus,limicola,NA,,NA,native,S4S5 (2015),NA,new 2016,observed,,,,,NA,2016-09-07,Romayne Galager,iNat:4112274,,243,BIR
Corthylio calendula,"(Linnaeus, 1766)",NA,ruby-crowned kinglet,Animalia,Chordata,Vertebrata,,Aves,,,Passeriformes,,,Regulidae,,,Corthylio,calendula,NA,,NA,native,S5 (2015),NA,confirmed,observed,2016,Galiano Naturalist,Galiano Bird Checklist,,NA,2016-03-26,Kristian Sigvardsen,iNat:2926950,,1289388,BIR
Regulus satrapa,"(Lichtenstein, 1823)",NA,golden-crowned kinglet,Animalia,Chordata,Vertebrata,,Aves,,,Passeriformes,,,Regulidae,,,Regulus,satrapa,NA,,NA,native,S5 (2015),NA,confirmed,observed,2016,Galiano Naturalist,Galiano Bird Checklist,,NA,2009-07-26,Cameron Deckert,iNat:19139375,,117100,BIR
Actitis macularius,"(Linnaeus, 1766)",NA,spotted sandpiper,Animalia,Chordata,Vertebrata,,Aves,,,Charadriiformes,,,Scolopacidae,,,Actitis,macularius,NA,,NA,native,S5B (2015),NA,confirmed,observed,2016,Galiano Naturalist,Galiano Bird Checklist,,NA,2017-05-19,Andrew Simon,iNat:6425128,,72458,BIR
Arenaria interpres,"(Linnaeus, 1758)",NA,ruddy turnstone,Animalia,Chordata,Vertebrata,,Aves,,,Charadriiformes,,,Scolopacidae,,,Arenaria,interpres,NA,,NA,native,S4M (2015),NA,reported,unobserved,2016,Galiano Naturalist,Galiano Bird Checklist,,NA,,,,,3938,BIR
Arenaria melanocephala,"(Vigors, 1829)",NA,black turnstone,Animalia,Chordata,Vertebrata,,Aves,,,Charadriiformes,,,Scolopacidae,,,Arenaria,melanocephala,NA,,NA,native,"S4N,S5M (2015)",NA,confirmed,observed,2016,Galiano Naturalist,Galiano Bird Checklist,,NA,2016-08-08,Chessi Miltner,iNat:3840469,,3941,BIR
Calidris alpina,"(Linnaeus, 1758)",NA,Dunlin,Animalia,Chordata,Vertebrata,,Aves,,,Charadriiformes,,,Scolopacidae,,,Calidris,alpina,NA,,NA,native,S4N (2015),NA,confirmed,observed,2016,Galiano Naturalist,Galiano Bird Checklist,,NA,2019-05-04,Joan Septembre,iNat:24714336,,3857,BIR
Calidris mauri,"Cabanis, 1857",NA,western sandpiper,Animalia,Chordata,Vertebrata,,Aves,,,Charadriiformes,,,Scolopacidae,,,Calidris,mauri,NA,,NA,native,S4M (2015),NA,reported,unobserved,2016,Galiano Naturalist,Galiano Bird Checklist,,NA,,,,,3855,BIR
Calidris virgata,"(Gmelin, 1789)",NA,surfbird,Animalia,Chordata,Vertebrata,,Aves,,,Charadriiformes,,,Scolopacidae,,,Calidris,virgata,NA,,NA,native,S4M (2015),NA,confirmed,observed,2016,Galiano Naturalist,Galiano Bird Checklist,,NA,2014-10-19,Michael Hoebel,iNat:4054037,,339592,BIR
Gallinago delicata,"Ord, 1825",NA,Wilson’s snipe,Animalia,Chordata,Vertebrata,,Aves,,,Charadriiformes,,,Scolopacidae,,,Gallinago,delicata,NA,,NA,native,S5B (2015),NA,reported,unobserved,2016,Galiano Naturalist,Galiano Bird Checklist,,NA,,,,,144496,BIR
Limnodromus scolopaceus,"(Say, 1823)",NA,long-billed dowitcher,Animalia,Chordata,Vertebrata,,Aves,,,Charadriiformes,,,Scolopacidae,,,Limnodromus,scolopaceus,NA,,NA,native,S4N (2015),NA,confirmed,observed,2016,Galiano Naturalist,Galiano Bird Checklist,,NA,2013-10-07,Michael Hoebel,iNat:4054132,,3873,BIR
Phalaropus fulicarius,"(Linnaeus, 1758)",NA,red phalarope,Animalia,Chordata,Vertebrata,,Aves,,,Charadriiformes,,,Scolopacidae,,,Phalaropus,fulicarius,NA,,NA,native,SUM (2015),NA,reported,unobserved,2016-12-01,Keith Riding,eBird,,NA,,,,,73203,BIR
Phalaropus lobatus,"(Linnaeus, 1758)",NA,red-necked phalarope,Animalia,Chordata,Vertebrata,,Aves,,,Charadriiformes,,,Scolopacidae,,,Phalaropus,lobatus,NA,,NA,native,S3S4B (2015),NA,reported,unobserved,2016,Galiano Naturalist,Galiano Bird Checklist,,NA,,,,,3959,BIR
Tringa flavipes,"(Gmelin, 1789)",NA,lesser yellowlegs,Animalia,Chordata,Vertebrata,,Aves,,,Charadriiformes,,,Scolopacidae,,,Tringa,flavipes,NA,,NA,native,S4S5B (2015),NA,confirmed,observed,2016,Galiano Naturalist,Galiano Bird Checklist,,NA,2016-09-05,Sarah Tweedale,iNat:4041686,,3893,BIR
Tringa melanoleuca,"(Gmelin, 1789)",NA,greater yellowlegs,Animalia,Chordata,Vertebrata,,Aves,,,Charadriiformes,,,Scolopacidae,,,Tringa,melanoleuca,NA,,NA,native,"S5B, SUN (2015)",NA,reported,unobserved,2016,Galiano Naturalist,Galiano Bird Checklist,,NA,,,,,3892,BIR
Sitta canadensis,"Linnaeus, 1766",NA,red-breasted nuthatch,Animalia,Chordata,Vertebrata,,Aves,,,Passeriformes,,,Sittidae,,,Sitta,canadensis,NA,,NA,native,S5B (2015),NA,confirmed,observed,2016,Galiano Naturalist,Galiano Bird Checklist,,NA,2016-02-23,Andrew Simon,iNat:2711391,,14823,BIR
Aegolius acadicus,"(Gmelin, 1788)",NA,northern saw-whet owl,Animalia,Chordata,Vertebrata,,Aves,,,Strigiformes,,,Strigidae,,,Aegolius,acadicus,NA,,NA,native,"S5B,S5N (2009)",NA,confirmed,observed,2016,Galiano Naturalist,Galiano Bird Checklist,,NA,2020-02-03,Tanya Inglis,iNat:38263361,,20356,BIR
Asio flammeus,"(Pontoppidan, 1763)",NA,short-eared owl,Animalia,Chordata,Vertebrata,,Aves,,,Strigiformes,,,Strigidae,,,Asio,flammeus,NA,,NA,native,"S3B,S2N (2015)",NA,reported,unobserved,2016,Galiano Naturalist,Galiano Bird Checklist,,NA,,,,,20315,BIR
Bubo virginianus,"(Gmelin, 1788)",NA,great horned owl,Animalia,Chordata,Vertebrata,,Aves,,,Strigiformes,,,Strigidae,,,Bubo,virginianus,NA,,NA,native,S5 (2015),NA,confirmed,observed,2016,Galiano Naturalist,Galiano Bird Checklist,,NA,2018-06-28,Kevin Toomer,iNat:13864466,,20044,BIR
Glaucidium gnoma,"Wagler, 1832",NA,mountain pygmy owl,Animalia,Chordata,Vertebrata,,Aves,,,Strigiformes,,,Strigidae,,,Glaucidium,gnoma,NA,,NA,native,S4B (2015),NA,reported,unobserved,1994-03-25,Aziza Cooper,eBird,,NA,,,,reported as northern pygmy owl (Glaucidium californicum); there is current taxonomic debate regarding the classification of Glaucidium gnoma as an independent species or subspecies from that of the northern pygmy owl.,19812,BIR
Megascops kennicottii,"(Elliot, 1867)",NA,western screech owl,Animalia,Chordata,Vertebrata,,Aves,,,Strigiformes,,,Strigidae,,,Megascops,kennicottii,NA,,NA,native,S4 (2015),NA,reported,unobserved,2016,Galiano Naturalist,Galiano Bird Checklist,,NA,,,,,19743,BIR
Strix varia,"Barton, 1799",NA,barred owl,Animalia,Chordata,Vertebrata,,Aves,,,Strigiformes,,,Strigidae,,,Strix,varia,NA,,NA,native,S5B (2015),NA,confirmed,observed,2016,Galiano Naturalist,Galiano Bird Checklist,,NA,2010-07-07,Karolle Wall,iNat:13132927,,19893,BIR
Sturnus vulgaris,"Linnaeus, 1758",NA,European starling,Animalia,Chordata,Vertebrata,,Aves,,,Passeriformes,,,Sturnidae,,,Sturnus,vulgaris,NA,,NA,exotic,unlisted,NA,confirmed,observed,2016,Galiano Naturalist,Galiano Bird Checklist,,NA,2008-05-10,Michael Hoebel,iNat:19548204,,14850,BIR
Calypte anna,"(Lesson, 1829)",NA,Anna's hummingbird,Animalia,Chordata,Vertebrata,,Aves,,,Caprimulgiformes,,,Trochilidae,,,Calypte,anna,NA,,NA,native,S4S5 (2015),NA,confirmed,observed,2016,Galiano Naturalist,Galiano Bird Checklist,,NA,2014-03-14,Michael Hoebel,iNat:4046916,,6317,BIR
Selasphorus rufus,"(Gmelin, 1788)",NA,rufous hummingbird,Animalia,Chordata,Vertebrata,,Aves,,,Caprimulgiformes,,,Trochilidae,,,Selasphorus,rufus,NA,,NA,native,S4S5B (2015),NA,confirmed,observed,2016,Galiano Naturalist,Galiano Bird Checklist,,NA,2003-07-30,Shera Street,iNat:2635133,,6363,BIR
Cistothorus palustris,"(Wilson, A, 1810)",NA,marsh wren,Animalia,Chordata,Vertebrata,,Aves,,,Passeriformes,,,Troglodytidae,,,Cistothorus,palustris,NA,,NA,native,S5 (2015),NA,confirmed,observed,2016,Galiano Naturalist,Galiano Bird Checklist,,NA,2016-01-24,Lauren Magner & Andrew Simon,iNat:2616528,,7601,BIR
Thryomanes bewickii,"P.L. Sclater, 1862",NA,Bewick’s wren,Animalia,Chordata,Vertebrata,,Aves,,,Passeriformes,,,Troglodytidae,,,Thryomanes,bewickii,NA,,NA,native,S4 (2015),NA,confirmed,observed,2016,Galiano Naturalist,Galiano Bird Checklist,,NA,2015-05-10,Michael Hoebel,iNat:19548265,,7576,BIR
Troglodytes aedon,"(Vieillot, 1809)",NA,house wren,Animalia,Chordata,Vertebrata,,Aves,,,Passeriformes,,,Troglodytidae,,,Troglodytes,aedon,NA,,NA,native,S5B (2015),NA,confirmed,observed,2016,Galiano Naturalist,Galiano Bird Checklist,,NA,2016-04-23,Andrew Simon,iNat:3030504,,7562,BIR
Troglodytes pacificus,"Baird, 1864",NA,Pacific wren,Animalia,Chordata,Vertebrata,,Aves,,,Passeriformes,,,Troglodytidae,,,Troglodytes,pacificus,NA,,NA,native,S5B (2015),NA,confirmed,observed,2016,Galiano Naturalist,Galiano Bird Checklist,,NA,2010-10-21,Michael Hoebel,iNat:4046875,,144882,BIR
Catharus guttatus,"(Pallas, 1811)",NA,hermit thrush,Animalia,Chordata,Vertebrata,,Aves,,,Passeriformes,,,Turdidae,,,Catharus,guttatus,NA,,NA,native,S5B (2015),NA,confirmed,observed,2016,Galiano Naturalist,Galiano Bird Checklist,,NA,2013-04-28,Michael Hoebel,iNat:4046977,,12890,BIR
Catharus ustulatus,"(Nuttall, 1840)",NA,Swainson's thrush,Animalia,Chordata,Vertebrata,,Aves,,,Passeriformes,,,Turdidae,,,Catharus,ustulatus,NA,,NA,native,S5B (2015),NA,confirmed,observed,2016,Galiano Naturalist,Galiano Bird Checklist,,NA,2016-07-07,Andrew Simon,iNat:3641204,,12878,BIR
Ixoreus naevius,"Gmelin, 1789",NA,varied thrush,Animalia,Chordata,Vertebrata,,Aves,,,Passeriformes,,,Turdidae,,,Ixoreus,naevius,NA,,NA,native,S5B (2015),NA,confirmed,observed,2016,Galiano Naturalist,Galiano Bird Checklist,,NA,2015-12-15,Michael Hoebel,iNat:4046990,,145088,BIR
Myadestes townsendi,"(Audubon, 1838)",NA,Townsend's solitaire,Animalia,Chordata,Vertebrata,,Aves,,,Passeriformes,,,Turdidae,,,Myadestes,townsendi,NA,,NA,native,S5B (2015),NA,confirmed,observed,2016,Galiano Naturalist,Galiano Bird Checklist,,NA,2010-05-01,Michael Hoebel,iNat:4046980,,12951,BIR
Sialia currucoides,"(Bechstein, 1798)",NA,mountain bluebird,Animalia,Chordata,Vertebrata,,Aves,,,Passeriformes,,,Turdidae,,,Sialia,currucoides,NA,,NA,native,S4S5B (2015),NA,new 2023,observed,,,,,NA,2023-04-26,Kevin Toomer,iNat:156826200,,12936,BIR
Turdus migratorius,"Linnaeus, 1766",NA,American robin,Animalia,Chordata,Vertebrata,,Aves,,,Passeriformes,,,Turdidae,,,Turdus,migratorius,NA,,NA,native,S5B (2015),NA,confirmed,observed,2016,Galiano Naturalist,Galiano Bird Checklist,,NA,2015-02-22,Andrew Simon,iNat:2566293,,12727,BIR
Contopus cooperi,"(Swainson, 1832)",NA,olive-sided flycatcher,Animalia,Chordata,Vertebrata,,Aves,,,Passeriformes,,,Tyrannidae,,,Contopus,cooperi,NA,,NA,native,S3S4B (2015),NA,confirmed,observed,2016,Galiano Naturalist,Galiano Bird Checklist,,NA,2012-05-20,Michael Hoebel,iNat:4046887,,16110,BIR
Contopus sordidulus,"(Sclater, 1859)",NA,western wood-pewee,Animalia,Chordata,Vertebrata,,Aves,,,Passeriformes,,,Tyrannidae,,,Contopus,sordidulus,NA,,NA,native,S5B (2015),NA,confirmed,observed,2016,Galiano Naturalist,Galiano Bird Checklist,,NA,2020-08-02,Liam Steele,iNat:70325775,,16079,BIR
Empidonax difficilis,"Baird, 1858",NA,Pacific-slope flycatcher,Animalia,Chordata,Vertebrata,,Aves,,,Passeriformes,,,Tyrannidae,,,Empidonax,difficilis,NA,,NA,native,S5B (2015),NA,confirmed,observed,2016,Galiano Naturalist,Galiano Bird Checklist,,NA,2015-06-20,Bridgit Spencer,iNat:2380925,,16598,BIR
Empidonax hammondii,"(Xantus de Vesey, 1858)",NA,Hammond’s flycatcher,Animalia,Chordata,Vertebrata,,Aves,,,Passeriformes,,,Tyrannidae,,,Empidonax,hammondii,NA,,NA,native,S5B (2015),NA,confirmed,observed,2016,Galiano Naturalist,Galiano Bird Checklist,,NA,2023-06-01,Richard Harrigan,iNat:165757864,,16624,BIR
Empidonax traillii,"(Audubon, 1828)",NA,willow flycatcher,Animalia,Chordata,Vertebrata,,Aves,,,Passeriformes,,,Tyrannidae,,,Empidonax,traillii,NA,,NA,native,S5B (2015),NA,confirmed,observed,2016,Galiano Naturalist,Galiano Bird Checklist,,NA,2015-07-15,Michael Hoebel,iNat:4046901,,16611,BIR
Tyrannus melancholicus,"(Vieillot, 1819)",NA,tropical kingbird,Animalia,Chordata,Vertebrata,,Aves,,,Passeriformes,,,Tyrannidae,,,Tyrannus,melancholicus,NA,,NA,accidental,unlisted,NA,new 2019,unobserved,2019-11-20,Carl Estabrook,eBird,,NA,,,,accidental,16787,BIR
Tyto alba,"(Scopoli, 1769)",NA,barn owl,Animalia,Chordata,Vertebrata,,Aves,,,Strigiformes,,,Tytonidae,,,Tyto,alba,NA,,NA,native,S2? (2015),NA,new 2017,observed,,,,,NA,2017-02-25,Sarah Tweedale,iNat:5180293,,20445,BIR
Vireo cassinii,"Xantus de Vesey, 1858",NA,Cassin's vireo,Animalia,Chordata,Vertebrata,,Aves,,,Passeriformes,,,Vireonidae,,,Vireo,cassinii,NA,,NA,native,S5B (2015),NA,confirmed,observed,2016,Galiano Naturalist,Galiano Bird Checklist,,NA,2015-05-18,Michael Hoebel,iNat:4054050,,17382,BIR
Vireo gilvus,"(Vieillot, 1808)",NA,warbling vireo,Animalia,Chordata,Vertebrata,,Aves,,,Passeriformes,,,Vireonidae,,,Vireo,gilvus,NA,,NA,native,S5B (2015),NA,confirmed,observed,2016,Galiano Naturalist,Galiano Bird Checklist,,NA,2015-07-02,Lauren Magner & Andrew Simon,iNat:2561814,,17394,BIR
Vireo huttoni,"Cassin, 1851",NA,Hutton’s vireo,Animalia,Chordata,Vertebrata,,Aves,,,Passeriformes,,,Vireonidae,,,Vireo,huttoni,NA,,NA,native,S4 (2015),NA,confirmed,observed,2016,Galiano Naturalist,Galiano Bird Checklist,,NA,2019-02-22,Andrew Simon,iNat:20571106,,17375,BIR